firstname,lastname,username,password
John,Doe,johndoe,johndoe123
Jane,Smith,janesmith,janesmith456
David,Johnson,davidjohnson,davidpass789
Emily,Williams,emilywilliams,emilypw123
Michael,Brown,michaelbrown,mike12345
Sarah,Anderson,sarahanderson,sarah5678
